backbone,variant,language,config,seed,f_faith,em,f1,n_eval,source
mt5,adalora,arabic,B_ce_lora,42,0.0679,0.0,0.0014,720,mt5:checkpoint_full_adalora_arabic.jsonl
mt5,adalora,arabic,B_ce_lora,123,0.0658,0.0,0.0005,720,mt5:checkpoint_full_adalora_arabic_seed123.jsonl
mt5,adalora,arabic,B_ce_lora,2026,0.0722,0.0,0.0035,720,mt5:checkpoint_full_adalora_arabic_seed2026.jsonl
mt5,adalora,arabic,C_composite_lora,42,0.0598,0.0,0.0,720,mt5:checkpoint_full_adalora_arabic.jsonl
mt5,adalora,arabic,C_composite_lora,123,0.0602,0.0,0.0,720,mt5:checkpoint_full_adalora_arabic_seed123.jsonl
mt5,adalora,arabic,C_composite_lora,2026,0.0603,0.0,0.0,720,mt5:checkpoint_full_adalora_arabic_seed2026.jsonl
mt5,adalora,malay,B_ce_lora,42,0.0388,0.0,0.0156,430,mt5:checkpoint_full_adalora_malay.jsonl
mt5,adalora,malay,B_ce_lora,123,0.0383,0.0,0.0126,430,mt5:checkpoint_full_seed123.jsonl
mt5,adalora,malay,B_ce_lora,2026,0.0317,0.0,0.0099,430,mt5:checkpoint_full_seed2026.jsonl
mt5,adalora,malay,C_composite_lora,42,0.0296,0.0,0.0077,430,mt5:checkpoint_full_adalora_malay.jsonl
mt5,adalora,malay,C_composite_lora,123,0.0243,0.0,0.0051,430,mt5:checkpoint_full_seed123.jsonl
mt5,adalora,malay,C_composite_lora,2026,0.023,0.0,0.005,430,mt5:checkpoint_full_seed2026.jsonl
mt5,dora,arabic,B_ce_lora,42,0.1371,0.0097,0.0411,720,mt5_primary_seed42:stale_seed42_backup/checkpoint_full_dora_arabic.jsonl
mt5,dora,arabic,B_ce_lora,123,0.1395,0.0139,0.0529,720,mt5:checkpoint_full_dora_arabic_seed123.jsonl
mt5,dora,arabic,B_ce_lora,2026,0.1419,0.0153,0.0627,720,mt5:checkpoint_full_dora_arabic_seed2026.jsonl
mt5,dora,arabic,C_composite_lora,42,0.0478,0.0014,0.0048,720,mt5_primary_seed42:stale_seed42_backup/checkpoint_full_dora_arabic.jsonl
mt5,dora,arabic,C_composite_lora,123,0.0477,0.0,0.0008,720,mt5:checkpoint_full_dora_arabic_seed123.jsonl
mt5,dora,arabic,C_composite_lora,2026,0.0465,0.0,0.0032,720,mt5:checkpoint_full_dora_arabic_seed2026.jsonl
mt5,dora,malay,B_ce_lora,42,0.2823,0.1651,0.3241,430,mt5_primary_seed42:stale_seed42_backup/checkpoint_full_dora_malay.jsonl
mt5,dora,malay,B_ce_lora,123,0.2869,0.1814,0.3391,430,mt5:checkpoint_full_seed123.jsonl
mt5,dora,malay,B_ce_lora,2026,0.276,0.1419,0.2991,430,mt5:checkpoint_full_seed2026.jsonl
mt5,dora,malay,C_composite_lora,42,0.0706,0.0186,0.1034,430,mt5_primary_seed42:stale_seed42_backup/checkpoint_full_dora_malay.jsonl
mt5,dora,malay,C_composite_lora,123,0.0587,0.007,0.0815,430,mt5:checkpoint_full_seed123.jsonl
mt5,dora,malay,C_composite_lora,2026,0.0681,0.0093,0.1179,430,mt5:checkpoint_full_seed2026.jsonl
mt5,lora,arabic,B_ce_lora,42,0.1405,0.0194,0.057,720,mt5:checkpoint_full_lora_arabic.jsonl
mt5,lora,arabic,B_ce_lora,123,0.1288,0.0236,0.0557,720,mt5:checkpoint_full_lora_arabic_seed123.jsonl
mt5,lora,arabic,B_ce_lora,2026,0.1264,0.0222,0.0564,720,mt5:checkpoint_full_lora_arabic_seed2026.jsonl
mt5,lora,arabic,C_composite_lora,42,0.0509,0.0028,0.006,720,mt5:checkpoint_full_lora_arabic.jsonl
mt5,lora,arabic,C_composite_lora,123,0.0488,0.0014,0.0038,720,mt5:checkpoint_full_lora_arabic_seed123.jsonl
mt5,lora,arabic,C_composite_lora,2026,0.0458,0.0,0.0004,720,mt5:checkpoint_full_lora_arabic_seed2026.jsonl
mt5,lora,malay,B_ce_lora,42,0.3074,0.1442,0.3164,430,mt5:checkpoint_full_lora_malay.jsonl
mt5,lora,malay,B_ce_lora,123,0.2737,0.1395,0.319,430,mt5:checkpoint_full_lora_malay_seed123.jsonl
mt5,lora,malay,B_ce_lora,2026,0.287,0.1721,0.3334,430,mt5:checkpoint_full_lora_malay_seed2026.jsonl
mt5,lora,malay,C_composite_lora,42,0.1351,0.0116,0.1488,430,mt5:checkpoint_full_lora_malay.jsonl
mt5,lora,malay,C_composite_lora,123,0.047,0.0116,0.0901,430,mt5:checkpoint_full_lora_malay_seed123.jsonl
mt5,lora,malay,C_composite_lora,2026,0.0621,0.0116,0.0941,430,mt5:checkpoint_full_lora_malay_seed2026.jsonl
mt5,qlora,arabic,B_ce_lora,42,0.1363,0.0097,0.0478,720,mt5_primary_seed42:stale_seed42_backup/checkpoint_full_qlora_arabic.jsonl
mt5,qlora,arabic,B_ce_lora,123,0.1507,0.0181,0.0575,720,mt5:checkpoint_full_seed123.jsonl
mt5,qlora,arabic,B_ce_lora,2026,0.1479,0.0111,0.049,720,mt5:checkpoint_full_seed2026.jsonl
mt5,qlora,arabic,C_composite_lora,42,0.166,0.0111,0.0445,720,mt5_primary_seed42:stale_seed42_backup/checkpoint_full_qlora_arabic.jsonl
mt5,qlora,arabic,C_composite_lora,123,0.1534,0.0111,0.0475,720,mt5:checkpoint_full_qlora_arabic_seed123.jsonl
mt5,qlora,arabic,C_composite_lora,2026,0.1776,0.0125,0.0427,720,mt5:checkpoint_full_qlora_arabic_seed2026.jsonl
mt5,qlora,malay,B_ce_lora,42,0.2636,0.1721,0.3426,430,mt5_primary_seed42:stale_seed42_backup/checkpoint_full_qlora_malay.jsonl
mt5,qlora,malay,B_ce_lora,123,0.285,0.1535,0.3138,430,mt5:checkpoint_full_seed123.jsonl
mt5,qlora,malay,B_ce_lora,2026,0.2931,0.1767,0.3565,430,mt5:checkpoint_full_seed2026.jsonl
mt5,qlora,malay,C_composite_lora,42,0.3024,0.1581,0.3243,430,mt5_primary_seed42:stale_seed42_backup/checkpoint_full_qlora_malay.jsonl
mt5,qlora,malay,C_composite_lora,123,0.3057,0.1558,0.3233,430,mt5:checkpoint_full_seed123.jsonl
mt5,qlora,malay,C_composite_lora,2026,0.3114,0.1535,0.3236,430,mt5:checkpoint_full_seed2026.jsonl
mt5,vera,arabic,B_ce_lora,42,0.0676,0.0,0.0007,720,mt5:checkpoint_full_vera_arabic.jsonl
mt5,vera,arabic,B_ce_lora,123,0.0716,0.0,0.0001,720,mt5:checkpoint_full_vera_arabic_seed123.jsonl
mt5,vera,arabic,B_ce_lora,2026,0.0615,0.0,0.0004,720,mt5:checkpoint_full_vera_arabic_seed2026.jsonl
mt5,vera,arabic,C_composite_lora,42,0.064,0.0,0.0,720,mt5:checkpoint_full_vera_arabic.jsonl
mt5,vera,arabic,C_composite_lora,123,0.0679,0.0,0.0005,720,mt5:checkpoint_full_vera_arabic_seed123.jsonl
mt5,vera,arabic,C_composite_lora,2026,0.0672,0.0,0.0,720,mt5:checkpoint_full_vera_arabic_seed2026.jsonl
mt5,vera,malay,B_ce_lora,42,0.036,0.0,0.0032,430,mt5:checkpoint_full_vera_malay.jsonl
mt5,vera,malay,B_ce_lora,123,0.0343,0.0,0.0014,430,mt5:checkpoint_full_seed123.jsonl
mt5,vera,malay,B_ce_lora,2026,0.0377,0.0,0.0031,430,mt5:checkpoint_full_seed2026.jsonl
mt5,vera,malay,C_composite_lora,42,0.026,0.0,0.0,430,mt5:checkpoint_full_vera_malay.jsonl
mt5,vera,malay,C_composite_lora,123,0.0281,0.0,0.0021,430,mt5:checkpoint_full_seed123.jsonl
mt5,vera,malay,C_composite_lora,2026,0.0258,0.0,0.0004,430,mt5:checkpoint_full_seed2026.jsonl
qwen3,adalora,arabic,B_ce_lora,42,0.1547,0.3569,0.5097,720,qwen3:checkpoint_full_qwen_arabic.jsonl
qwen3,adalora,arabic,B_ce_lora,123,0.149,0.3458,0.4956,720,qwen3:checkpoint_full_qwen_arabic_seed123.jsonl
qwen3,adalora,arabic,B_ce_lora,2026,0.1527,0.3556,0.5025,720,qwen3:checkpoint_full_qwen_arabic_seed2026.jsonl
qwen3,adalora,arabic,C_composite_lora,42,0.157,0.3597,0.5095,720,qwen3:checkpoint_full_qwen_adalora_arabic.jsonl
qwen3,adalora,arabic,C_composite_lora,123,0.1442,0.3667,0.5025,720,qwen3:checkpoint_full_qwen_adalora_arabic_seed123.jsonl
qwen3,adalora,arabic,C_composite_lora,2026,0.1453,0.3472,0.5029,720,qwen3:checkpoint_full_qwen_adalora_arabic_seed2026.jsonl
qwen3,adalora,malay,B_ce_lora,42,0.2982,0.5488,0.6151,430,qwen3:checkpoint_full_qwen_malay.jsonl
qwen3,adalora,malay,B_ce_lora,123,0.306,0.5302,0.6017,430,qwen3:checkpoint_full_qwen_malay_seed123.jsonl
qwen3,adalora,malay,B_ce_lora,2026,0.3207,0.5233,0.5946,430,qwen3:checkpoint_full_qwen_adalora_malay_seed2026.jsonl
qwen3,adalora,malay,C_composite_lora,42,0.317,0.5256,0.5962,430,qwen3:checkpoint_full_qwen_adalora_malay.jsonl
qwen3,adalora,malay,C_composite_lora,123,0.3206,0.5465,0.6126,430,qwen3:checkpoint_full_qwen_adalora_malay_seed123.jsonl
qwen3,adalora,malay,C_composite_lora,2026,0.3178,0.5093,0.5843,430,qwen3:checkpoint_full_qwen_adalora_malay_seed2026.jsonl
qwen3,dora,arabic,B_ce_lora,42,0.1426,0.4208,0.5765,720,qwen3:checkpoint_full_qwen_arabic.jsonl
qwen3,dora,arabic,B_ce_lora,123,0.1304,0.4389,0.5891,720,qwen3:checkpoint_full_qwen_arabic_seed123.jsonl
qwen3,dora,arabic,B_ce_lora,2026,0.1401,0.425,0.5856,720,qwen3:checkpoint_full_qwen_arabic_seed2026.jsonl
qwen3,dora,arabic,C_composite_lora,42,0.1382,0.3903,0.5545,720,qwen3:checkpoint_full_qwen_dora_arabic.jsonl
qwen3,dora,arabic,C_composite_lora,123,0.1492,0.4083,0.5756,720,qwen3:checkpoint_full_qwen_dora_arabic_seed123.jsonl
qwen3,dora,arabic,C_composite_lora,2026,0.1311,0.4083,0.5657,720,qwen3:checkpoint_full_qwen_dora_arabic_seed2026.jsonl
qwen3,dora,malay,B_ce_lora,42,0.2857,0.5721,0.6382,430,qwen3:checkpoint_full_qwen_malay.jsonl
qwen3,dora,malay,B_ce_lora,123,0.3116,0.5651,0.6345,430,qwen3:checkpoint_full_qwen_dora_malay_seed123.jsonl
qwen3,dora,malay,B_ce_lora,2026,0.2922,0.5512,0.6192,430,qwen3:checkpoint_full_qwen_dora_malay_seed2026.jsonl
qwen3,dora,malay,C_composite_lora,42,0.3016,0.5488,0.6143,430,qwen3:checkpoint_full_qwen_dora_malay.jsonl
qwen3,dora,malay,C_composite_lora,123,0.33,0.5651,0.6373,430,qwen3:checkpoint_full_qwen_dora_malay_seed123.jsonl
qwen3,dora,malay,C_composite_lora,2026,0.3012,0.5233,0.5981,430,qwen3:checkpoint_full_qwen_dora_malay_seed2026.jsonl
qwen3,qlora,arabic,B_ce_lora,42,0.1465,0.4069,0.5691,720,qwen3:checkpoint_full_qwen_arabic.jsonl
qwen3,qlora,arabic,B_ce_lora,123,0.1495,0.4111,0.5623,720,qwen3:checkpoint_full_qwen_arabic_seed123.jsonl
qwen3,qlora,arabic,B_ce_lora,2026,0.1462,0.4028,0.544,720,qwen3:checkpoint_full_qwen_arabic_seed2026.jsonl
qwen3,qlora,arabic,C_composite_lora,42,0.1331,0.3931,0.5568,720,qwen3:checkpoint_full_qwen_qlora_arabic.jsonl
qwen3,qlora,arabic,C_composite_lora,123,0.1532,0.3875,0.5618,720,qwen3:checkpoint_full_qwen_qlora_arabic_seed123.jsonl
qwen3,qlora,arabic,C_composite_lora,2026,0.1467,0.3944,0.5513,720,qwen3:checkpoint_full_qwen_qlora_arabic_seed2026.jsonl
qwen3,qlora,malay,B_ce_lora,42,0.2981,0.5209,0.5951,430,qwen3:checkpoint_full_qwen_malay.jsonl
qwen3,qlora,malay,B_ce_lora,123,0.3028,0.5163,0.5947,430,qwen3:checkpoint_full_qwen_malay_seed123.jsonl
qwen3,qlora,malay,B_ce_lora,2026,0.3172,0.5256,0.5928,430,qwen3:checkpoint_full_qwen_malay_seed2026.jsonl
qwen3,qlora,malay,C_composite_lora,42,0.2906,0.5465,0.614,430,qwen3:checkpoint_full_qwen_qlora_malay.jsonl
qwen3,qlora,malay,C_composite_lora,123,0.2983,0.507,0.5851,430,qwen3:checkpoint_full_qwen_qlora_malay_seed123.jsonl
qwen3,qlora,malay,C_composite_lora,2026,0.289,0.5233,0.5967,430,qwen3:checkpoint_full_qwen_qlora_malay_seed2026.jsonl
qwen3,vera,arabic,B_ce_lora,42,0.1458,0.3236,0.4639,720,qwen3:checkpoint_full_qwen_arabic.jsonl
qwen3,vera,arabic,B_ce_lora,123,0.1475,0.3111,0.4495,720,qwen3:checkpoint_full_qwen_arabic_seed123.jsonl
qwen3,vera,arabic,B_ce_lora,2026,0.1462,0.3125,0.4503,720,qwen3:checkpoint_full_qwen_arabic_seed2026.jsonl
qwen3,vera,arabic,C_composite_lora,42,0.1494,0.3125,0.4475,720,qwen3:checkpoint_full_qwen_vera_arabic.jsonl
qwen3,vera,arabic,C_composite_lora,123,0.1475,0.3083,0.4479,720,qwen3:checkpoint_full_qwen_vera_arabic_seed123.jsonl
qwen3,vera,arabic,C_composite_lora,2026,0.1461,0.3111,0.4497,720,qwen3:checkpoint_full_qwen_vera_arabic_seed2026.jsonl
qwen3,vera,malay,B_ce_lora,42,0.3211,0.4535,0.5373,430,qwen3:checkpoint_full_qwen_malay.jsonl
qwen3,vera,malay,B_ce_lora,123,0.3207,0.4326,0.5165,430,qwen3:checkpoint_full_qwen_vera_malay_seed123.jsonl
qwen3,vera,malay,B_ce_lora,2026,0.319,0.4372,0.5182,430,qwen3:checkpoint_full_qwen_vera_malay_seed2026.jsonl
qwen3,vera,malay,C_composite_lora,42,0.3121,0.4279,0.5094,430,qwen3:checkpoint_full_qwen_vera_malay.jsonl
qwen3,vera,malay,C_composite_lora,123,0.3106,0.4349,0.5133,430,qwen3:checkpoint_full_qwen_vera_malay_seed123.jsonl
qwen3,vera,malay,C_composite_lora,2026,0.3188,0.4279,0.5107,430,qwen3:checkpoint_full_qwen_vera_malay_seed2026.jsonl
